<?xml version="1.0" encoding="UTF-8"?>
<project-private xmlns="http://www.netbeans.org/ns/project-private/1">
    <editor-bookmarks xmlns="http://www.netbeans.org/ns/editor-bookmarks/2" lastBookmarkId="0"/>
    <open-files xmlns="http://www.netbeans.org/ns/projectui-open-files/2">
        <group>
            <file>file:/C:/Users/yago.asantos3/Documents/NetBeansProjects/cadView/cadView/src/Controler/ConectarDao.java</file>
            <file>file:/C:/Users/yago.asantos3/Documents/NetBeansProjects/cadView/cadView/src/Controler/UsuarioDao.java</file>
            <file>file:/C:/Users/yago.asantos3/Documents/NetBeansProjects/cadView/cadView/src/view/FormCli.java</file>
            <file>file:/C:/Users/yago.asantos3/Documents/NetBeansProjects/cadView/cadView/src/view/NewJFrame.java</file>
            <file>file:/C:/Users/yago.asantos3/Documents/NetBeansProjects/cadView/cadView/src/model/Usuario.java</file>
        </group>
    </open-files>
</project-private>
